Country,Duration,IP,Log
China,0,61.177.172.229,"['login attempt [root/0123456] failed', 'login attempt [root/01234567] failed']"
China,0,61.177.172.229,[]
China,0,61.177.172.229,"['login attempt [root/0123456789!qaz] failed', 'login attempt [root/0512tbc] failed', 'login attempt [root/0p9o8i7u] failed']"
China,0,61.177.172.229,[]
China,0,61.177.172.229,"['login attempt [root/0p9o8t] failed', 'login attempt [root/10000] failed', 'login attempt [root/1029384756] failed']"
China,0,61.177.172.229,[]
China,0,61.177.172.229,"['login attempt [root/110110] failed', 'login attempt [root/110120112] failed', 'login attempt [root/!!!111] failed']"
China,0,61.177.172.229,[]
China,0,61.177.172.229,"['login attempt [root/111000] failed', 'login attempt [root/1111] failed', 'login attempt [root/11111] failed']"
China,0,61.177.172.229,[]
China,0,61.177.172.229,['login attempt [root/111111] succeeded']
Russian Federation,0,109.248.9.112,[]
Russian Federation,0,109.248.9.112,['login attempt [admin/123456] succeeded']
United States,0,52.191.193.9,[]
United States,0,52.191.193.9,['login attempt [nagios/nagios@123] failed']
Croatia,0,5.188.10.144,[]
Croatia,0,5.188.10.144,['login attempt [admin/123456] succeeded']
Germany,0,82.211.44.200,[]
Germany,0,82.211.44.200,['login attempt [db2fenc3/db2fenc3] failed']
Germany,0,82.211.44.200,[]
Germany,0,82.211.44.200,['login attempt [service/service123] failed']
Spain,0,147.83.179.2,[]
Spain,0,147.83.179.2,['login attempt [upload/upload] failed']
Germany,0,82.211.44.200,[]
Germany,0,82.211.44.200,['login attempt [miner/minerpass] failed']
China,0,199.231.68.230,[]
China,0,199.231.68.230,['login attempt [root/111111] succeeded']
Russian Federation,0,109.248.9.112,[]
Russian Federation,0,109.248.9.112,['login attempt [admin/123456] succeeded']
Spain,0,147.83.179.2,[]
Spain,0,147.83.179.2,['login attempt [svn/svn] failed']
Germany,0,82.211.44.200,[]
Germany,0,82.211.44.200,['login attempt [oracle/oracle@123] failed']
Russian Federation,0,5.188.87.60,[]
Russian Federation,0,5.188.87.60,['login attempt [admin/123456] succeeded']
Russian Federation,0,5.188.203.113,[]
Russian Federation,0,5.188.203.113,[]
Russian Federation,0,5.188.203.113,[]
Russian Federation,0,5.188.203.113,['login attempt [root/admin] failed']
Germany,0,82.211.44.200,[]
Germany,0,82.211.44.200,['login attempt [ubuntu/ubuntuubuntu] failed']
Spain,0,147.83.179.2,[]
Spain,0,147.83.179.2,['login attempt [ubuntu/1] failed']
Germany,0,82.211.44.200,[]
Germany,0,82.211.44.200,['login attempt [deploy/1] failed']
China,0,221.194.47.236,[]
China,0,221.194.47.236,[]
China,0,121.18.238.125,[]
China,0,121.18.238.125,[]
China,0,180.100.217.214,[]
China,0,180.100.217.214,['login attempt [oracle/Oracle] failed']
China,0,122.226.181.165,[]
China,0,122.226.181.165,[]
China,0,119.249.54.217,[]
China,0,119.249.54.217,[]
China,0,221.194.47.221,[]
China,0,221.194.47.221,[]
Germany,0,82.211.44.200,[]
Germany,0,82.211.44.200,['login attempt [test/test@1234] failed']
Germany,0,82.211.44.200,[]
Germany,00:00:57,82.211.44.200,['login attempt [testing/testing] failed']
Russian Federation,0,5.188.87.59,[]
Russian Federation,00:00:03,5.188.87.59,['login attempt [admin/123456] succeeded']
Russian Federation,0,5.188.87.60,[]
Russian Federation,00:14:57,5.188.87.60,['login attempt [admin/123456] succeeded']
Russian Federation,0,109.248.9.112,[]
Russian Federation,00:07:04,109.248.9.112,['login attempt [admin/123456] succeeded']
Thailand,0,101.109.219.23,[]
Thailand,00:06:49,101.109.219.23,"['login attempt [root/admintrup] failed', 'login attempt [root/1234] failed', 'login attempt [root/default] failed', 'login attempt [root/1234] failed', 'login attempt [root/system] failed', 'login attempt [root/admintrup] failed', 'login attempt [root/dreambox] failed', 'login attempt [root/uClinux] failed', 'login attempt [root/password] succeeded']"
Russian Federation,0,5.188.87.61,[]
Russian Federation,00:01:01,5.188.87.61,['login attempt [admin/123456] succeeded']
Russian Federation,0,5.188.87.61,[]
Russian Federation,00:02:00,5.188.87.61,['login attempt [admin/123456] succeeded']
Russian Federation,0,5.188.87.61,[]
Russian Federation,00:01:18,5.188.87.61,['login attempt [admin/123456] succeeded']
China,0,115.238.245.8,[]
China,00:00:41,115.238.245.8,[]
Russian Federation,0,5.188.87.61,[]
Russian Federation,00:01:00,5.188.87.61,['login attempt [admin/123456] succeeded']
Russian Federation,0,5.188.87.61,[]
Russian Federation,00:01:00,5.188.87.61,['login attempt [admin/123456] succeeded']
Russian Federation,0,5.188.87.61,[]
Russian Federation,00:02:00,5.188.87.61,['login attempt [admin/123456] succeeded']
Russian Federation,0,5.188.87.61,[]
Russian Federation,00:02:00,5.188.87.61,['login attempt [admin/123456] succeeded']
Russian Federation,0,5.188.87.61,[]
Russian Federation,00:04:40,5.188.87.61,['login attempt [admin/123456] succeeded']
France,0,163.172.64.139,[]
France,00:01:27,163.172.64.139,['login attempt [musikbot/musikbot] failed']
France,0,163.172.64.139,[]
France,00:02:25,163.172.64.139,['login attempt [test/qwerty321] failed']
France,0,163.172.64.139,[]
France,00:06:11,163.172.64.139,['login attempt [deluge/deluge] failed']
France,0,163.172.64.139,[]
France,00:01:35,163.172.64.139,['login attempt [oracle/1] failed']
France,0,163.172.64.139,[]
France,00:02:15,163.172.64.139,['login attempt [admin/admin123] failed']
France,0,163.172.64.139,[]
France,00:01:38,163.172.64.139,['login attempt [student/student@1234] failed']
Spain,0,2.139.149.154,[]
Spain,00:03:05,2.139.149.154,[]
China,0,121.18.238.39,[]
China,00:01:30,121.18.238.39,[]
France,0,163.172.64.139,[]
France,00:01:28,163.172.64.139,['login attempt [postgres/welcome] failed']
France,0,163.172.64.139,[]
France,00:02:10,163.172.64.139,['login attempt [rig/123456] failed']
France,0,163.172.64.139,[]
France,00:10:22,163.172.64.139,['login attempt [ts3bot/ts3bot] failed']
China,0,221.194.47.221,[]
China,00:00:05,221.194.47.221,[]
Russian Federation,0,109.248.9.112,[]
Russian Federation,00:02:49,109.248.9.112,['login attempt [admin/123456] succeeded']
China,0,115.238.245.6,[]
China,00:01:57,115.238.245.6,[]
Chile,0,164.77.56.6,[]
Chile,00:00:05,164.77.56.6,['login attempt [admin/admin] failed']
Egypt,0,197.50.141.33,[]
Egypt,00:00:07,197.50.141.33,['login attempt [admin/password] failed']
Brazil,0,177.114.229.197,[]
Brazil,00:06:58,177.114.229.197,['login attempt [admin/default] failed']
China,0,121.18.238.125,[]
China,00:24:53,121.18.238.125,[]
China,0,115.238.245.4,[]
China,00:07:18,115.238.245.4,[]
China,0,61.177.172.229,[]
China,00:00:37,61.177.172.229,[]
China,0,61.177.172.229,[]
China,00:06:15,61.177.172.229,['login attempt [root/123456] succeeded']
United States,0,70.105.173.75,[]
United States,00:04:20,70.105.173.75,['login attempt [tomcat/tomcat123] failed']
China,0,43.241.231.213,[]
China,00:00:57,43.241.231.213,[]
Croatia,0,5.188.10.144,[]
Croatia,00:07:29,5.188.10.144,['login attempt [admin/123456] succeeded']
Russian Federation,0,109.248.9.112,[]
Russian Federation,00:22:41,109.248.9.112,[]
China,0,115.238.245.2,[]
China,00:13:52,115.238.245.2,[]
Russian Federation,0,5.188.87.59,[]
Russian Federation,00:00:02,5.188.87.59,['login attempt [admin/123456] succeeded']
Russian Federation,0,5.188.87.60,[]
Russian Federation,00:00:30,5.188.87.60,['login attempt [admin/123456] succeeded']
Indonesia,0,103.208.102.2,[]
Indonesia,00:00:00,103.208.102.2,[]
Indonesia,0,103.208.102.2,[]
Indonesia,00:00:05,103.208.102.2,"['login attempt [www-data/www-data123] failed', 'login attempt [www-data/www-data123] failed']"
Indonesia,0,103.208.102.2,[]
Indonesia,00:00:02,103.208.102.2,['login attempt [www-data/www-data123] failed']
Indonesia,0,103.208.102.2,[]
Indonesia,00:03:38,103.208.102.2,['login attempt [www-data/www-data123] failed']
United States,0,67.229.206.86,[]
United States,00:00:00,67.229.206.86,[]
United States,0,67.229.206.86,[]
United States,00:09:55,67.229.206.86,['login attempt [admin/123456] succeeded']
China,0,221.194.44.211,[]
China,00:05:16,221.194.44.211,[]
Russian Federation,0,5.188.87.61,[]
Russian Federation,00:00:48,5.188.87.61,['login attempt [admin/123456] succeeded']
China,0,180.76.140.116,[]
China,00:00:13,180.76.140.116,['login attempt [sinus/bot] failed']
South Korea,0,183.98.154.7,[]
South Korea,00:00:05,183.98.154.7,['login attempt [db2inst/db2inst] failed']
South Korea,0,183.98.154.7,[]
South Korea,00:00:12,183.98.154.7,['login attempt [db2inst/db2inst] failed']
South Korea,0,183.98.154.7,[]
South Korea,00:00:08,183.98.154.7,['login attempt [db2inst/db2inst] failed']
Russian Federation,0,5.188.87.61,[]
Russian Federation,00:01:18,5.188.87.61,['login attempt [admin/123456] succeeded']
China,0,180.76.140.116,[]
China,00:00:05,180.76.140.116,['login attempt [mysql/mysql123] failed']
South Korea,0,183.98.154.7,[]
South Korea,00:00:31,183.98.154.7,['login attempt [celery/123456] failed']
China,0,180.76.140.116,[]
China,00:00:02,180.76.140.116,[]
China,0,180.76.140.116,[]
China,00:00:02,180.76.140.116,['login attempt [mysql/1] failed']
Russian Federation,0,5.188.87.61,[]
Russian Federation,00:00:02,5.188.87.61,"['login attempt [admin/123456] succeeded', 'login attempt [mysql/mysql123] failed']"
China,0,180.76.140.116,[]
China,00:00:18,180.76.140.116,['login attempt [mysql/mysql123] failed']
China,0,198.15.183.70,[]
China,00:00:11,198.15.183.70,['login attempt [root/123456] succeeded']
China,0,180.76.140.116,[]
China,00:00:50,180.76.140.116,['login attempt [ftpuser/ftpuser123] failed']
China,0,180.76.140.116,[]
China,00:00:12,180.76.140.116,['login attempt [rstudio/rstudio] failed']
China,0,116.206.92.107,[]
China,00:00:50,116.206.92.107,[]
China,0,221.194.47.236,[]
China,00:07:11,221.194.47.236,[]
China,0,119.249.54.217,[]
China,00:02:12,119.249.54.217,[]
China,0,116.206.92.107,[]
China,00:02:55,116.206.92.107,[]
Netherlands,0,185.48.56.234,[]
Netherlands,00:00:00,185.48.56.234,[]
Netherlands,0,185.48.56.234,[]
Netherlands,00:00:01,185.48.56.234,[]
Netherlands,0,185.48.56.234,[]
Netherlands,00:12:23,185.48.56.234,[]
China,0,122.226.181.165,[]
China,00:00:19,122.226.181.165,[]
China,0,221.194.47.221,[]
China,00:01:34,221.194.47.221,[]
China,0,223.197.184.24,[]
China,00:35:57,223.197.184.24,[]
China,0,122.226.181.167,[]
China,00:21:02,122.226.181.167,[]
China,0,61.160.254.19,[]
China,00:06:07,61.160.254.19,[]
France,0,195.154.60.103,[]
France,00:00:00,195.154.60.103,[]
France,0,195.154.60.103,[]
France,00:00:26,195.154.60.103,[]
China,0,221.194.47.236,[]
China,00:00:25,221.194.47.236,[]
France,0,195.154.60.103,[]
France,00:00:47,195.154.60.103,['login attempt [root/)(*&^%$#@] failed']
France,0,195.154.60.103,[]
France,00:00:03,195.154.60.103,['login attempt [admin/changeme] failed']
France,0,195.154.60.103,[]
France,00:00:04,195.154.60.103,['login attempt [PlcmSpIp/PlcmSpIp] failed']
France,0,195.154.60.103,[]
France,00:01:08,195.154.60.103,['login attempt [support/password] failed']
France,0,195.154.60.103,[]
France,00:00:43,195.154.60.103,['login attempt [pi/raspberry] failed']
France,0,195.154.60.103,[]
France,00:00:04,195.154.60.103,['login attempt [root/openelec] failed']
France,0,195.154.60.103,[]
France,00:00:04,195.154.60.103,['login attempt [root/welc0me] failed']
France,0,195.154.60.103,[]
France,00:00:03,195.154.60.103,['login attempt [root/1a2b3c] failed']
France,0,195.154.60.103,[]
France,00:00:03,195.154.60.103,['login attempt [root/root] failed']
France,0,195.154.60.103,[]
France,00:00:02,195.154.60.103,['login attempt [bob/bob] failed']
France,0,195.154.60.103,[]
France,00:00:47,195.154.60.103,['login attempt [user/1234] failed']
France,0,195.154.60.103,[]
France,00:00:03,195.154.60.103,['login attempt [git/git] failed']
France,0,195.154.60.103,[]
France,00:00:03,195.154.60.103,['login attempt [ftp/ftp] failed']
France,0,195.154.60.103,[]
France,00:00:43,195.154.60.103,['login attempt [installer/installer] failed']
France,0,195.154.60.103,[]
France,00:00:02,195.154.60.103,['login attempt [admin/password] failed']
France,0,195.154.60.103,[]
France,00:00:04,195.154.60.103,['login attempt [guest/guest] failed']
France,0,195.154.60.103,[]
France,00:00:05,195.154.60.103,['login attempt [operator/operator] failed']
France,0,195.154.60.103,[]
France,00:00:03,195.154.60.103,['login attempt [admin/wubao] failed']
France,0,195.154.60.103,[]
France,00:00:04,195.154.60.103,['login attempt [pos/pos] failed']
France,0,195.154.60.103,[]
France,00:00:04,195.154.60.103,['login attempt [am/am] failed']
France,0,195.154.60.103,[]
France,00:00:03,195.154.60.103,['login attempt [git/123456] failed']
France,0,195.154.60.103,[]
France,00:00:03,195.154.60.103,['login attempt [admin/admin] failed']
France,0,195.154.60.103,[]
France,00:00:02,195.154.60.103,['login attempt [ubnt/ubnt] failed']
France,0,195.154.60.103,[]
France,00:00:43,195.154.60.103,['login attempt [ftp/123456] failed']
France,0,195.154.60.103,[]
France,00:00:03,195.154.60.103,['login attempt [test/test] failed']
France,0,195.154.60.103,[]
France,00:00:03,195.154.60.103,['login attempt [user/user] failed']
France,0,195.154.60.103,[]
France,00:00:02,195.154.60.103,['login attempt [temp/temp] failed']
France,0,195.154.60.103,[]
France,00:00:04,195.154.60.103,['login attempt [adm/admin] failed']
France,0,195.154.60.103,[]
France,00:00:03,195.154.60.103,['login attempt [admin/admin123] failed']
France,0,195.154.60.103,[]
France,00:00:03,195.154.60.103,['login attempt [mail/mail] failed']
France,0,195.154.60.103,[]
France,00:00:04,195.154.60.103,['login attempt [adm/adm] failed']
France,0,195.154.60.103,[]
France,00:00:36,195.154.60.103,['login attempt [COMPTA/COMPTA] failed']
France,0,195.154.60.103,[]
France,00:00:03,195.154.60.103,['login attempt [root/toor] failed']
France,0,195.154.60.103,[]
France,00:00:03,195.154.60.103,['login attempt [service/service] failed']
France,0,195.154.60.103,[]
France,00:00:05,195.154.60.103,['login attempt [git1/git1] failed']
France,0,195.154.60.103,[]
France,00:00:03,195.154.60.103,['login attempt [123/123] failed']
France,0,195.154.60.103,[]
France,00:00:02,195.154.60.103,['login attempt [1/1] failed']
France,0,195.154.60.103,[]
France,00:00:03,195.154.60.103,['login attempt [username/password] failed']
France,0,195.154.60.103,[]
France,00:00:04,195.154.60.103,['login attempt [linaro/linaro] failed']
France,0,195.154.60.103,[]
France,00:00:03,195.154.60.103,['login attempt [www/www] failed']
France,0,195.154.60.103,[]
France,00:00:03,195.154.60.103,['login attempt [minecraft/minecraft] failed']
France,0,195.154.60.103,[]
France,00:00:03,195.154.60.103,['login attempt [mother/fucker] failed']
China,0,121.18.238.125,[]
China,00:00:43,121.18.238.125,[]
France,0,195.154.60.103,[]
France,00:00:49,195.154.60.103,['login attempt [mapr/mapr] failed']
France,0,195.154.60.103,[]
France,00:00:05,195.154.60.103,['login attempt [sue/sue] failed']
France,0,195.154.60.103,[]
France,00:00:03,195.154.60.103,['login attempt [root/@#$%^&*!()] failed']
France,0,195.154.60.103,[]
France,00:00:03,195.154.60.103,['login attempt [demo/demo] failed']
France,0,195.154.60.103,[]
France,00:00:04,195.154.60.103,['login attempt [nagios/nagios] failed']
France,0,195.154.60.103,[]
France,00:00:03,195.154.60.103,['login attempt [sshd/password] failed']
France,0,195.154.60.103,[]
France,00:00:04,195.154.60.103,['login attempt [git/password] failed']
France,0,195.154.60.103,[]
France,00:00:02,195.154.60.103,['login attempt [mark/mark] failed']
France,0,195.154.60.103,[]
France,00:00:04,195.154.60.103,['login attempt [tomcat/tomcat] failed']
France,0,195.154.60.103,[]
France,00:00:03,195.154.60.103,['login attempt [root/rasplex] failed']
France,0,195.154.60.103,[]
France,00:00:41,195.154.60.103,['login attempt [pi/pipi] failed']
France,0,195.154.60.103,[]
France,00:00:45,195.154.60.103,['login attempt [odroid/odroid] failed']
France,0,195.154.60.103,[]
France,00:00:05,195.154.60.103,['login attempt [customer/customer] failed']
France,0,195.154.60.103,[]
France,00:00:04,195.154.60.103,['login attempt [squid/123456] failed']
France,0,195.154.60.103,[]
France,00:00:37,195.154.60.103,['login attempt [record/record] failed']
France,0,195.154.60.103,[]
France,00:00:03,195.154.60.103,['login attempt [security/security] failed']
France,0,195.154.60.103,[]
France,00:00:05,195.154.60.103,['login attempt [dvs/dvs] failed']
France,0,195.154.60.103,[]
France,00:00:03,195.154.60.103,['login attempt [security/security1234] failed']
France,0,195.154.60.103,[]
France,00:00:36,195.154.60.103,['login attempt [camera/camera] failed']
France,0,195.154.60.103,[]
France,00:00:49,195.154.60.103,['login attempt [sync/click1] failed']
France,0,195.154.60.103,[]
France,00:00:03,195.154.60.103,['login attempt [postfix/postfix] failed']
France,0,195.154.60.103,[]
France,00:00:02,195.154.60.103,['login attempt [applmgr/applmgr] failed']
France,0,195.154.60.103,[]
France,00:00:04,195.154.60.103,['login attempt [webadmin/webadmin123] failed']
France,0,195.154.60.103,[]
France,00:00:03,195.154.60.103,['login attempt [www-data/www-data] failed']
France,0,195.154.60.103,[]
France,00:00:03,195.154.60.103,['login attempt [openfiler/password] failed']
France,0,195.154.60.103,[]
France,00:00:47,195.154.60.103,['login attempt [peter/peter] failed']
France,0,195.154.60.103,[]
France,00:00:03,195.154.60.103,['login attempt [developer/developer] failed']
France,0,195.154.60.103,[]
France,00:00:03,195.154.60.103,['login attempt [max/max] failed']
France,0,195.154.60.103,[]
France,00:00:43,195.154.60.103,['login attempt [a1/a1] failed']
France,0,195.154.60.103,[]
France,00:00:03,195.154.60.103,['login attempt [incoming/incoming] failed']
France,0,195.154.60.103,[]
France,00:00:03,195.154.60.103,['login attempt [music/music] failed']
France,0,195.154.60.103,[]
France,00:00:38,195.154.60.103,['login attempt [ryan/ryan] failed']
France,0,195.154.60.103,[]
France,00:00:03,195.154.60.103,['login attempt [judy/judy] failed']
France,0,195.154.60.103,[]
France,00:00:04,195.154.60.103,['login attempt [ts3/123456] failed']
France,0,195.154.60.103,[]
France,00:00:05,195.154.60.103,['login attempt [tc/nosoup4u] failed']
France,0,195.154.60.103,[]
France,00:00:03,195.154.60.103,['login attempt [aidvolunteers/41dv0lunt33rs] failed']
France,0,195.154.60.103,[]
France,00:00:04,195.154.60.103,['login attempt [nuucp/nuucp] failed']
France,0,195.154.60.103,[]
France,00:00:03,195.154.60.103,['login attempt [config/config] failed']
France,0,195.154.60.103,[]
France,00:00:02,195.154.60.103,['login attempt [paul/paul] failed']
France,0,195.154.60.103,[]
France,00:00:03,195.154.60.103,['login attempt [RPM/RPM] failed']
France,0,195.154.60.103,[]
France,00:00:03,195.154.60.103,['login attempt [admin/1234] failed']
France,0,195.154.60.103,[]
France,00:00:52,195.154.60.103,['login attempt [tomcat7/tomcat7] failed']
France,0,195.154.60.103,[]
France,00:00:03,195.154.60.103,['login attempt [anonymous/anonymous] failed']
France,0,195.154.60.103,[]
France,00:00:56,195.154.60.103,['login attempt [sachin/sachin] failed']
France,0,195.154.60.103,[]
France,00:00:04,195.154.60.103,['login attempt [deluge/deluge] failed']
France,0,195.154.60.103,[]
France,00:00:03,195.154.60.103,['login attempt [lynx/lynx] failed']
France,0,195.154.60.103,[]
France,00:00:03,195.154.60.103,['login attempt [admin/P@ssw0rd] failed']
France,0,195.154.60.103,[]
France,00:00:02,195.154.60.103,['login attempt [love/love] failed']
France,0,195.154.60.103,[]
France,00:00:02,195.154.60.103,['login attempt [ssh/ssh] failed']
France,0,195.154.60.103,[]
France,00:09:54,195.154.60.103,['login attempt [sshd/sshd] failed']
China,0,122.226.181.166,[]
China,00:09:42,122.226.181.166,[]
India,0,103.210.135.136,[]
India,00:06:11,103.210.135.136,"['login attempt [root/welc0me] failed', 'login attempt [root/anko] failed', 'login attempt [root/default] failed', 'login attempt [root/seiko2005] failed', 'login attempt [root/welc0me] failed', 'login attempt [root/seiko2005] failed', 'login attempt [root/000000] failed', 'login attempt [root/000000] failed', 'login attempt [root/Zte521] failed', 'login attempt [root/123456] succeeded']"
Croatia,0,5.188.10.144,[]
Croatia,00:01:11,5.188.10.144,['login attempt [admin/123456] succeeded']
China,0,115.238.245.6,[]
China,00:33:55,115.238.245.6,[]
Russian Federation,0,92.63.197.50,[]
Russian Federation,00:00:00,92.63.197.50,[]
Russian Federation,0,92.63.197.50,[]
Russian Federation,00:00:02,92.63.197.50,[]
Russian Federation,0,92.63.197.50,[]
Russian Federation,00:10:14,92.63.197.50,['login attempt [pi/raspberry] failed']
China,0,221.194.47.236,[]
China,00:02:05,221.194.47.236,[]
China,0,122.226.181.165,[]
China,00:10:38,122.226.181.165,[]
Taiwan,0,114.25.72.28,[]
Taiwan,00:10:43,114.25.72.28,"['login attempt [admin/1234] failed', 'login attempt [admin/aerohive] failed', 'login attempt [admin/changeme] failed', 'login attempt [admin/manager] failed', 'login attempt [admin/manager] failed', 'login attempt [admin/manager] failed', 'login attempt [admin/admin123] failed', 'login attempt [admin/password] failed', 'login attempt [admin/default] failed', 'login attempt [admin/password] failed', 'login attempt [admin/1111] failed', 'login attempt [admin/1111] failed', 'login attempt [admin/1234] failed', 'login attempt [admin/manager] failed', 'login attempt [admin/admin123] failed', 'login attempt [admin/admin1] failed', 'login attempt [admin/default] failed', 'login attempt [admin/manager] failed', 'login attempt [admin/1234] failed', 'login attempt [admin/1111] failed', 'login attempt [admin/default] failed']"
China,0,115.238.245.8,[]
China,00:00:02,115.238.245.8,[]
China,0,221.194.44.211,[]
China,0,221.194.44.211,[]
Japan,0,222.10.3.162,[]
Japan,0,222.10.3.162,"['login attempt [root/dreambox] failed', 'login attempt [root/admintrup] failed', 'login attempt [root/default] failed', 'login attempt [root/seiko2005] failed', 'login attempt [root/xmhdipc] failed', 'login attempt [root/waldo] failed', 'login attempt [root/uClinux] failed', 'login attempt [root/ubnt] failed', 'login attempt [root/uClinux] failed', 'login attempt [root/xmhdipc] failed', 'login attempt [root/admin] failed', 'login attempt [root/rpitc] failed', 'login attempt [root/Zte521] failed', 'login attempt [root/admin] failed', 'login attempt [root/anko] failed', 'login attempt [root/password] succeeded']"
South Korea,0,1.234.4.14,[]
South Korea,0,1.234.4.14,[]
China,0,221.194.47.233,[]
China,0,221.194.47.233,[]
China,0,122.226.181.166,[]
China,0,122.226.181.166,[]
United States,0,181.214.87.229,[]
United States,0,181.214.87.229,[]
China,0,58.210.42.4,[]
China,0,58.210.42.4,['login attempt [rstudio/rstudio] failed']
China,0,58.210.42.4,[]
China,0,58.210.42.4,['login attempt [rstudio/rstudio] failed']
China,0,122.226.181.165,[]
China,0,122.226.181.165,[]
China,0,58.210.42.4,[]
China,0,58.210.42.4,['login attempt [bot/bot] failed']
China,0,58.210.42.4,[]
China,0,58.210.42.4,['login attempt [bot/bot] failed']
China,0,58.210.42.4,[]
China,0,58.210.42.4,['login attempt [sdtdserve/sdtdserve] failed']
China,0,58.210.42.4,[]
China,0,58.210.42.4,['login attempt [user1/user123] failed']
China,0,221.194.44.211,[]
China,0,221.194.44.211,[]
China,0,115.238.245.2,[]
China,0,115.238.245.2,[]
Croatia,0,5.188.10.144,[]
Croatia,0,5.188.10.144,['login attempt [admin/123456] succeeded']
China,0,221.194.47.236,[]
China,0,221.194.47.236,[]
France,0,51.15.94.6,[]
France,0,51.15.94.6,[]
South Korea,0,112.171.69.24,[]
South Korea,0,112.171.69.24,"['login attempt [root/anko] failed', 'login attempt [root/password] succeeded']"
China,0,221.194.47.233,[]
China,0,221.194.47.233,[]
China,0,122.226.181.166,[]
China,0,122.226.181.166,[]
United States,0,181.214.87.222,[]
United States,00:04:13,181.214.87.222,['login attempt [root/odroid] failed']
China,0,223.99.59.155,[]
China,00:14:45,223.99.59.155,[]
China,0,111.7.177.239,[]
China,00:19:10,111.7.177.239,[]
Germany,0,109.230.224.60,[]
Germany,00:09:45,109.230.224.60,[]
Romania,0,188.213.133.218,[]
Romania,00:02:50,188.213.133.218,['login attempt [debian/debian123] failed']
Brazil,0,179.231.92.118,[]
Brazil,00:10:09,179.231.92.118,[]
Romania,0,188.213.133.218,[]
Romania,00:11:04,188.213.133.218,['login attempt [ubuntu/q1w2e3] failed']
China,0,221.192.142.22,[]
China,00:01:45,221.192.142.22,['login attempt [admin/admin@123] failed']
Romania,0,188.213.133.218,[]
Romania,00:26:49,188.213.133.218,['login attempt [ethos/ethos123] failed']
India,0,27.251.133.202,[]
India,00:09:28,27.251.133.202,[]
Serbia,0,178.253.223.165,[]
Serbia,00:03:24,178.253.223.165,"['login attempt [root/system] failed', 'login attempt [root/root] failed', 'login attempt [root/seiko2005] failed', 'login attempt [root/system] failed', 'login attempt [root/Zte521] failed', 'login attempt [root/111111] succeeded']"
Germany,0,88.198.107.50,[]
Germany,00:07:48,88.198.107.50,['login attempt [teamspeak/teamspeak] failed']
Germany,0,88.198.107.50,[]
Germany,00:00:58,88.198.107.50,['login attempt [db2fenc2/db2fenc2] failed']
Kenya,0,41.89.31.5,[]
Kenya,0,none,[]
Kenya,0,41.89.31.5,[]
Kenya,00:00:03,41.89.31.5,"['login attempt [pentaho/pentaho] failed', 'login attempt [pentaho/pentaho] failed']"
Kenya,0,41.89.31.5,[]
Kenya,00:00:58,41.89.31.5,['login attempt [pentaho/pentaho] failed']
Germany,0,88.198.107.50,[]
Germany,00:00:02,88.198.107.50,['login attempt [newuser/newuser123] failed']
Germany,0,88.198.107.50,[]
Germany,00:00:17,88.198.107.50,['login attempt [newuser/newuser123] failed']
Germany,0,88.198.107.50,[]
Germany,00:05:44,88.198.107.50,['login attempt [mc/mc] failed']
Kenya,0,41.89.31.5,[]
Kenya,00:05:41,41.89.31.5,['login attempt [import/import123] failed']
Kenya,0,41.89.31.5,[]
Kenya,00:00:05,41.89.31.5,['login attempt [root/1] failed']
Kenya,0,41.89.31.5,[]
Kenya,00:00:00,41.89.31.5,[]
Kenya,0,41.89.31.5,[]
Kenya,00:06:19,41.89.31.5,"['login attempt [root/1] failed', 'login attempt [root/1] failed']"
Kenya,0,41.89.31.5,[]
Kenya,00:06:06,41.89.31.5,['login attempt [nagios/welcome] failed']
Kenya,0,41.89.31.5,[]
Kenya,00:00:03,41.89.31.5,['login attempt [sinusbot/sinus] failed']
Kenya,0,41.89.31.5,[]
Kenya,00:00:02,41.89.31.5,['login attempt [sinusbot/sinus] failed']
Kenya,0,41.89.31.5,[]
Kenya,00:02:35,41.89.31.5,['login attempt [sinusbot/sinus] failed']
Croatia,0,5.188.10.144,[]
Croatia,00:00:39,5.188.10.144,['login attempt [admin/123456] succeeded']
France,0,94.23.32.158,[]
France,00:00:51,94.23.32.158,['login attempt [nagios/live] failed']
France,0,94.23.32.158,[]
France,00:00:07,94.23.32.158,['login attempt [hadoop/hadoop@123] failed']
France,0,94.23.32.158,[]
France,00:01:22,94.23.32.158,['login attempt [hadoop/hadoop@123] failed']
France,0,94.23.32.158,[]
France,00:02:06,94.23.32.158,['login attempt [nextcloud/nextcloud] failed']
France,0,94.23.32.158,[]
France,00:03:00,94.23.32.158,['login attempt [admin/adm1n] failed']
France,0,94.23.32.158,[]
France,00:00:52,94.23.32.158,['login attempt [csgosrv/csgosrv] failed']
France,0,94.23.32.158,[]
France,00:01:07,94.23.32.158,['login attempt [root/ethos] failed']
France,0,94.23.32.158,[]
France,00:00:42,94.23.32.158,['login attempt [musikbot/musikbot123] failed']
France,0,94.23.32.158,[]
France,00:11:21,94.23.32.158,['login attempt [musikbot/musikbot123] failed']
China,0,61.164.153.56,[]
China,00:31:31,61.164.153.56,[]
Japan,0,139.162.75.112,[]
Japan,00:07:27,139.162.75.112,[]
Canada,0,158.69.194.115,[]
Canada,00:04:18,158.69.194.115,[]
Lao People's Democratic Republic,0,202.137.154.188,[]
Lao People's Democratic Republic,00:00:07,202.137.154.188,['login attempt [admin/admin] failed']
India,0,117.245.41.98,[]
India,00:00:08,117.245.41.98,['login attempt [admin/password] failed']
Thailand,0,183.88.71.151,[]
Thailand,00:10:05,183.88.71.151,['login attempt [admin/default] failed']
Russian Federation,0,5.101.40.10,[]
Russian Federation,-24:25:08,5.101.40.10,[]
United States,0,159.203.126.182,[]
United States,00:08:38,159.203.126.182,['login attempt [admin/adminpass] failed']
China,0,58.218.201.189,[]
China,00:00:38,58.218.201.189,"['login attempt [root/!@] failed', 'login attempt [root/!@] failed', 'login attempt [root/-] failed']"
China,0,58.218.201.189,[]
China,00:00:49,58.218.201.189,"['login attempt [root/,.] failed', 'login attempt [root/!@#!@#!@#] failed', 'login attempt [root/.] failed']"
China,0,58.218.201.189,[]
China,00:00:10,58.218.201.189,"['login attempt [root/0123] failed', 'login attempt [root/01234] failed', 'login attempt [root/098poi;lk] failed']"
China,0,58.218.201.189,[]
China,00:00:46,58.218.201.189,"['login attempt [root/09po;l] failed', 'login attempt [root/0okm9ijn] failed', 'login attempt [root/0okm9ijn8uhb] failed']"
China,0,58.218.201.189,[]
China,00:00:17,58.218.201.189,"['login attempt [root/0p;] failed', 'login attempt [root/1] failed', 'login attempt [root/1111111] failed']"
China,0,58.218.201.189,[]
China,00:00:45,58.218.201.189,"['login attempt [root/=1-203948576] failed', 'login attempt [root/1209qwpo] failed', 'login attempt [root/!@#123] failed']"
China,0,58.218.201.189,[]
China,00:00:26,58.218.201.189,"['login attempt [root/!@#$123] failed', 'login attempt [root/!@#$%123] failed', 'login attempt [root/!@#$%^123] failed']"
China,0,58.218.201.189,[]
China,00:00:31,58.218.201.189,"['login attempt [root/123!@#] failed', 'login attempt [root/123!@#$] failed', 'login attempt [root/123!@#$%] failed']"
China,0,58.218.201.189,[]
China,00:00:36,58.218.201.189,"['login attempt [root/123!@#$%^] failed', 'login attempt [root/1=2-30495867] failed', 'login attempt [root/123098qweoiu] failed']"
China,0,58.218.201.189,[]
China,00:01:07,58.218.201.189,"['login attempt [root/123098qwepoi] failed', 'login attempt [root/123123] succeeded']"
Germany,0,5.189.146.116,[]
Germany,00:04:11,5.189.146.116,[]
United States,0,159.203.126.182,[]
United States,00:03:22,159.203.126.182,['login attempt [nvidia/123] failed']
United States,0,159.203.126.182,[]
United States,00:01:34,159.203.126.182,['login attempt [nvidia/nvidia123] failed']
United States,0,159.203.126.182,[]
United States,00:01:38,159.203.126.182,['login attempt [git/git123] failed']
United States,0,159.203.126.182,[]
United States,00:01:39,159.203.126.182,['login attempt [hduser/hduser123] failed']
China,0,116.226.63.187,[]
China,00:04:06,116.226.63.187,['login attempt [bots/123] failed']
China,0,199.231.68.230,[]
China,00:37:40,199.231.68.230,['login attempt [root/123123] succeeded']
China,0,221.194.47.233,[]
China,00:01:45,221.194.47.233,[]
China,0,221.194.47.245,[]
China,00:07:47,221.194.47.245,[]
China,0,122.226.181.165,[]
China,00:00:09,122.226.181.165,[]
China,0,183.60.40.104,[]
China,00:00:10,183.60.40.104,['login attempt [rig/1] failed']
China,0,183.60.40.104,[]
China,00:10:18,183.60.40.104,[]
China,0,221.194.44.211,[]
China,00:13:23,221.194.44.211,[]
China,0,221.194.44.211,[]
China,00:02:06,221.194.44.211,[]
Croatia,0,5.188.10.144,[]
Croatia,00:02:39,5.188.10.144,['login attempt [admin/123456] succeeded']
China,0,221.194.47.233,[]
China,00:06:15,221.194.47.233,[]
China,0,221.194.44.211,[]
China,00:00:54,221.194.44.211,[]
China,0,115.238.245.8,[]
China,00:05:02,115.238.245.8,[]
China,0,122.226.181.166,[]
China,00:02:32,122.226.181.166,[]
China,0,122.226.181.165,[]
China,00:16:57,122.226.181.165,[]
China,0,221.194.47.243,[]
China,00:00:32,221.194.47.243,[]
China,0,115.238.245.2,[]
China,00:00:10,115.238.245.2,[]
China,0,122.226.181.164,[]
China,00:06:37,122.226.181.164,[]
China,0,119.249.54.217,[]
China,00:00:08,119.249.54.217,[]
Russian Federation,0,109.248.9.112,[]
Russian Federation,00:01:23,109.248.9.112,['login attempt [admin/123456] succeeded']
China,0,121.18.238.39,[]
China,00:00:21,121.18.238.39,[]
China,0,122.226.181.167,[]
China,00:07:07,122.226.181.167,[]
China,0,115.238.245.8,[]
China,00:00:25,115.238.245.8,[]
China,0,221.194.47.239,[]
China,00:00:50,221.194.47.239,[]
China,0,221.194.47.221,[]
China,00:00:12,221.194.47.221,[]
China,0,122.226.181.164,[]
China,00:00:48,122.226.181.164,[]
China,0,115.238.245.2,[]
China,00:01:04,115.238.245.2,[]
China,0,221.203.75.211,[]
China,00:10:26,221.203.75.211,[]
China,0,221.194.47.236,[]
China,00:08:34,221.194.47.236,[]
China,0,221.194.47.239,[]
China,00:08:38,221.194.47.239,[]
Brazil,0,179.132.218.5,[]
Brazil,00:00:59,179.132.218.5,[]
China,0,119.249.54.217,[]
China,00:01:04,119.249.54.217,[]
China,0,221.194.47.243,[]
China,00:07:18,221.194.47.243,[]
China,0,221.194.47.221,[]
China,00:00:30,221.194.47.221,[]
China,0,221.194.47.239,[]
China,00:03:43,221.194.47.239,[]
France,0,78.212.228.175,[]
France,0,none,[]
France,0,78.212.228.175,[]
France,00:01:28,78.212.228.175,"['login attempt [pi/raspberryraspberry993311] failed', 'login attempt [pi/raspberry] failed']"
Russian Federation,0,194.67.221.240,[]
Russian Federation,00:08:16,194.67.221.240,['login attempt [test/test123] failed']
China,0,221.194.47.221,[]
China,00:00:09,221.194.47.221,[]
Russian Federation,0,109.248.9.112,[]
Russian Federation,00:03:21,109.248.9.112,['login attempt [admin/123456] succeeded']
China,0,221.194.47.233,[]
China,00:03:01,221.194.47.233,[]
China,0,221.194.47.236,[]
China,00:05:29,221.194.47.236,[]
Germany,0,173.249.15.111,[]
Germany,00:03:41,173.249.15.111,[]
China,0,111.7.177.239,[]
China,00:17:36,111.7.177.239,[]
China,0,221.194.47.221,[]
China,00:00:40,221.194.47.221,[]
China,0,221.194.47.236,[]
China,00:00:11,221.194.47.236,[]
China,0,122.226.181.164,[]
China,00:12:48,122.226.181.164,[]
China,0,115.238.245.6,[]
China,00:08:05,115.238.245.6,[]
China,0,122.226.181.167,[]
China,00:04:57,122.226.181.167,[]
China,0,221.194.47.243,[]
China,00:04:00,221.194.47.243,[]
Russian Federation,0,109.248.9.112,[]
Russian Federation,00:03:38,109.248.9.112,['login attempt [admin/123456] succeeded']
China,0,221.194.47.245,[]
China,00:00:26,221.194.47.245,[]
China,0,221.194.47.239,[]
China,00:24:23,221.194.47.239,[]
China,0,122.226.181.166,[]
China,00:01:13,122.226.181.166,[]
China,0,121.18.238.39,[]
China,00:02:56,121.18.238.39,[]
United States,0,68.64.168.126,[]
United States,00:03:57,68.64.168.126,[]
Croatia,0,5.188.10.144,[]
Croatia,00:12:38,5.188.10.144,['login attempt [admin/123456] succeeded']
China,0,221.194.47.243,[]
China,00:01:07,221.194.47.243,[]
China,0,153.37.161.161,[]
China,00:13:33,153.37.161.161,"['login attempt [admin/manager] failed', 'login attempt [admin/aerohive] failed', 'login attempt [admin/7ujMko0admin] failed', 'login attempt [admin/admin1] failed', 'login attempt [admin/manager] failed', 'login attempt [admin/12345] failed', 'login attempt [admin/pfsense] failed', 'login attempt [admin/changeme] failed', 'login attempt [admin/12345] failed', 'login attempt [admin/aerohive] failed', 'login attempt [admin/aerohive] failed', 'login attempt [admin/admin] failed', 'login attempt [admin/pfsense] failed', 'login attempt [admin/1234] failed', 'login attempt [admin/admin123] failed', 'login attempt [admin/aerohive] failed', 'login attempt [admin/changeme] failed', 'login attempt [admin/1234] failed', 'login attempt [admin/pfsense] failed', 'login attempt [admin/default] failed', 'login attempt [admin/7ujMko0admin] failed']"
Russian Federation,0,109.248.9.112,[]
Russian Federation,00:01:19,109.248.9.112,['login attempt [admin/123456] succeeded']
China,0,119.249.54.217,[]
China,00:03:48,119.249.54.217,[]
China,0,221.194.44.211,[]
China,00:00:16,221.194.44.211,[]
China,0,221.194.44.211,[]
China,00:01:55,221.194.44.211,[]
China,0,115.238.245.4,[]
China,00:12:49,115.238.245.4,[]
Brazil,0,179.171.32.87,[]
Brazil,00:17:26,179.171.32.87,[]
China,0,115.238.245.8,[]
China,00:12:07,115.238.245.8,[]
United Kingdom,0,178.62.44.104,[]
United Kingdom,00:11:19,178.62.44.104,['login attempt [root/123456] succeeded']
China,0,119.249.54.217,[]
China,00:00:02,119.249.54.217,[]
Russian Federation,0,109.248.9.112,[]
Russian Federation,0,109.248.9.112,['login attempt [admin/123456] succeeded']
Russian Federation,0,5.188.87.59,[]
Russian Federation,0,5.188.87.59,['login attempt [admin/123456] succeeded']
Russian Federation,0,5.188.87.60,[]
Russian Federation,0,5.188.87.60,['login attempt [admin/123456] succeeded']
China,0,221.194.47.239,[]
China,0,221.194.47.239,[]
Russian Federation,0,5.188.87.61,[]
Russian Federation,0,5.188.87.61,['login attempt [admin/123456] succeeded']
Russian Federation,0,5.188.87.61,[]
Russian Federation,0,5.188.87.61,['login attempt [admin/123456] succeeded']
Russian Federation,0,5.188.87.61,[]
Russian Federation,0,5.188.87.61,['login attempt [admin/123456] succeeded']
China,0,122.226.181.165,[]
China,0,122.226.181.165,[]
Russian Federation,0,5.188.87.61,[]
Russian Federation,0,5.188.87.61,['login attempt [admin/123456] succeeded']
China,0,122.226.181.166,[]
China,0,122.226.181.166,[]
Vietnam,0,42.114.220.129,[]
Vietnam,0,42.114.220.129,[]
Vietnam,0,42.114.220.129,[]
Vietnam,0,42.114.220.129,['login attempt [admin/admin] failed']
Vietnam,0,42.114.220.129,[]
Vietnam,0,42.114.220.129,['login attempt [support/support] failed']
Vietnam,0,42.114.220.129,[]
Vietnam,0,42.114.220.129,['login attempt [root/root] failed']
Vietnam,0,42.114.220.129,[]
Vietnam,0,42.114.220.129,['login attempt [ubnt/ubnt] failed']
China,0,61.177.172.135,[]
China,0,61.177.172.135,"['login attempt [root/!@] failed', 'login attempt [root/!@] failed', 'login attempt [root/~!@#$%^&] failed']"
China,0,61.177.172.135,[]
China,0,61.177.172.135,"['login attempt [root/!@#!@#] failed', 'login attempt [root/!@#$%^] failed', 'login attempt [root/!@#$%^&] failed']"
China,0,61.177.172.135,[]
China,0,61.177.172.135,"['login attempt [root/@!] failed', 'login attempt [root/@#$%^&] failed', 'login attempt [root/@#$%&] failed']"
China,0,61.177.172.135,[]
China,0,61.177.172.135,"['login attempt [root/00000] failed', 'login attempt [root/000000] failed', 'login attempt [root/00000000] failed']"
China,0,61.177.172.135,[]
China,0,61.177.172.135,"['login attempt [root/000000000] failed', 'login attempt [root/0000000000] failed', 'login attempt [root/010203] failed']"
China,0,221.194.47.236,[]
China,0,221.194.47.236,[]
China,0,61.177.172.135,[]
China,0,61.177.172.135,"['login attempt [root/0123] failed', 'login attempt [root/0.123] failed', 'login attempt [root/01230123] failed']"
China,0,61.177.172.135,[]
China,0,61.177.172.135,"['login attempt [root/0.1234] failed', 'login attempt [root/0123456] failed', 'login attempt [root/01234567] failed']"
China,0,61.177.172.135,[]
China,0,61.177.172.135,"['login attempt [root/0123456789!qaz] failed', 'login attempt [root/0512tbc] failed', 'login attempt [root/0p9o8i7u] failed']"
China,0,61.177.172.135,[]
China,0,61.177.172.135,"['login attempt [root/0p9o8t] failed', 'login attempt [root/10000] failed', 'login attempt [root/1029384756] failed']"
China,0,61.177.172.135,[]
China,0,61.177.172.135,"['login attempt [root/110110] failed', 'login attempt [root/110120112] failed', 'login attempt [root/!!!111] failed']"
China,0,61.177.172.135,[]
China,0,61.177.172.135,[]
China,0,61.177.172.135,[]
China,0,61.177.172.135,['login attempt [root/111111] succeeded']
China,0,122.226.181.167,[]
China,0,122.226.181.167,[]
China,0,221.194.44.211,[]
China,0,221.194.44.211,[]
Russian Federation,0,5.188.87.61,[]
Russian Federation,0,5.188.87.61,['login attempt [admin/123456] succeeded']
Russian Federation,0,5.188.87.61,[]
Russian Federation,0,5.188.87.61,['login attempt [admin/123456] succeeded']
United States,0,107.181.167.123,[]
United States,0,107.181.167.123,[]
Russian Federation,0,5.188.87.61,[]
Russian Federation,0,5.188.87.61,['login attempt [admin/123456] succeeded']
Russian Federation,0,5.188.87.61,[]
Russian Federation,0,5.188.87.61,['login attempt [admin/123456] succeeded']
Taiwan,0,118.163.178.146,[]
Taiwan,0,none,[]
Taiwan,0,118.163.178.146,[]
Taiwan,0,118.163.178.146,[]
China,0,119.249.54.217,[]
China,0,119.249.54.217,[]
Italy,0,80.211.10.127,[]
Italy,0,80.211.10.127,['login attempt [tomcat/tomcat@123] failed']
Russian Federation,0,109.248.9.112,[]
Russian Federation,0,109.248.9.112,['login attempt [admin/123456] succeeded']
India,0,202.54.249.131,[]
India,0,202.54.249.131,['login attempt [butter/romasuedia] failed']
China,0,198.15.183.70,[]
China,0,198.15.183.70,['login attempt [root/111111] succeeded']
China,0,122.226.181.165,[]
China,0,122.226.181.165,[]
United States,0,199.48.147.165,[]
United States,0,199.48.147.165,['login attempt [apache/apache] failed']
United States,0,35.200.66.214,[]
United States,0,35.200.66.214,[]
Croatia,0,5.188.10.144,[]
Croatia,0,5.188.10.144,['login attempt [admin/123456] succeeded']
China,0,111.7.177.239,[]
China,0,111.7.177.239,[]
Russian Federation,0,109.248.9.112,[]
Russian Federation,0,109.248.9.112,['login attempt [admin/123456] succeeded']
China,0,115.238.245.2,[]
China,0,115.238.245.2,[]
China,0,221.194.47.221,[]
China,0,221.194.47.221,[]
Kenya,0,169.255.104.20,[]
Kenya,00:01:02,169.255.104.20,['login attempt [phion/123456] failed']
Russian Federation,0,5.188.87.59,[]
Russian Federation,00:00:02,5.188.87.59,['login attempt [admin/123456] succeeded']
Russian Federation,0,5.188.87.60,[]
Russian Federation,00:01:41,5.188.87.60,['login attempt [admin/123456] succeeded']
Russian Federation,0,5.101.40.10,[]
Russian Federation,00:00:07,5.101.40.10,['login attempt [ 0101/0101] failed']
Russian Federation,0,5.101.40.10,[]
Russian Federation,00:00:08,5.101.40.10,"['login attempt [0/] failed', 'login attempt [0/ ] failed']"
Russian Federation,0,5.101.40.10,[]
Russian Federation,00:00:02,5.101.40.10,['login attempt [1234/1234] failed']
Russian Federation,0,5.101.40.10,[]
Russian Federation,00:00:10,5.101.40.10,['login attempt [admin/] failed']
Russian Federation,0,5.101.40.10,[]
Russian Federation,00:02:18,5.101.40.10,[]
Russian Federation,0,5.188.87.61,[]
Russian Federation,00:00:44,5.188.87.61,['login attempt [admin/123456] succeeded']
China,0,121.18.238.39,[]
China,00:00:17,121.18.238.39,[]
Russian Federation,0,5.188.87.61,[]
Russian Federation,00:00:59,5.188.87.61,['login attempt [admin/123456] succeeded']
Germany,0,136.243.76.94,[]
Germany,00:01:01,136.243.76.94,['login attempt [ubuntu/Muklesr0x!221845] failed']
Russian Federation,0,5.188.87.61,[]
Russian Federation,00:02:00,5.188.87.61,['login attempt [admin/123456] succeeded']
Russian Federation,0,5.188.87.61,[]
Russian Federation,00:01:00,5.188.87.61,['login attempt [admin/123456] succeeded']
Russian Federation,0,5.188.87.61,[]
Russian Federation,00:00:01,5.188.87.61,[]
Russian Federation,0,109.248.9.112,[]
Russian Federation,00:00:59,5.188.87.61,"['login attempt [admin/123456] succeeded', 'login attempt [admin/123456] succeeded']"
Russian Federation,0,5.188.87.61,[]
Russian Federation,00:02:00,5.188.87.61,['login attempt [admin/123456] succeeded']
Russian Federation,0,5.188.87.61,[]
Russian Federation,00:02:00,5.188.87.61,['login attempt [admin/123456] succeeded']
Russian Federation,0,5.188.87.61,[]
Russian Federation,00:11:14,5.188.87.61,['login attempt [admin/123456] succeeded']
France,0,79.87.129.127,[]
France,0,none,[]
France,0,79.87.129.127,[]
France,00:01:03,79.87.129.127,"['login attempt [test/qwerty321] failed', 'login attempt [test/qwerty321] failed']"
Cyprus,0,185.173.226.39,[]
Cyprus,00:07:19,185.173.226.39,['login attempt [oracle/123] failed']
China,0,122.226.181.165,[]
China,00:00:37,122.226.181.165,[]
China,0,121.18.238.125,[]
China,00:01:32,121.18.238.125,[]
France,0,79.87.129.127,[]
France,00:00:02,79.87.129.127,['login attempt [admin/admin123] failed']
France,0,79.87.129.127,[]
France,00:04:35,79.87.129.127,['login attempt [admin/admin123] failed']
China,0,115.238.245.6,[]
China,00:00:22,115.238.245.6,[]
Colombia,0,190.147.88.247,[]
Colombia,00:00:07,190.147.88.247,['login attempt [oracle4/oracle4] failed']
Serbia,0,109.245.221.126,[]
Serbia,00:00:11,109.245.221.126,['login attempt [ftpuser/1234] failed']
Russian Federation,0,92.63.197.50,[]
Russian Federation,00:00:01,92.63.197.50,[]
Russian Federation,0,92.63.197.50,[]
Russian Federation,00:00:01,92.63.197.50,[]
Russian Federation,0,92.63.197.50,[]
Russian Federation,00:01:59,92.63.197.50,['login attempt [ftp/ftp] failed']
China,0,139.217.202.178,[]
China,00:03:09,139.217.202.178,['login attempt [www-data/123456] failed']
France,0,79.87.129.127,[]
France,00:00:01,79.87.129.127,[]
France,0,79.87.129.127,[]
France,00:16:15,79.87.129.127,"['login attempt [rig/123456] failed', 'login attempt [rig/123456] failed']"
Mexico,0,201.147.183.55,[]
Mexico,00:03:49,201.147.183.55,['login attempt [avis/avis] failed']
China,0,122.226.181.166,[]
China,00:05:55,122.226.181.166,[]
Brazil,0,187.111.253.194,[]
Brazil,00:00:42,187.111.253.194,['login attempt [test5/test5] failed']
Russian Federation,0,109.248.9.112,[]
Russian Federation,00:04:13,109.248.9.112,['login attempt [admin/123456] succeeded']
Brazil,0,187.118.1.61,[]
Brazil,00:00:57,187.118.1.61,[]
United Kingdom,0,85.199.232.4,[]
United Kingdom,00:05:41,85.199.232.4,['login attempt [ftpuser/ftpuser@1234] failed']
Germany,0,79.216.102.37,[]
Germany,00:00:03,79.216.102.37,['login attempt [root/123456] succeeded']
Poland,0,185.234.218.242,[]
Poland,00:04:15,185.234.218.242,['login attempt [root/123456] succeeded']
United States,0,67.229.206.86,[]
United States,00:00:00,67.229.206.86,[]
United States,0,67.229.206.86,[]
United States,00:00:26,67.229.206.86,[]
China,0,121.18.238.39,[]
China,00:05:02,121.18.238.39,['login attempt [admin/123456] succeeded']
Taiwan,0,218.161.35.119,[]
Taiwan,00:14:10,218.161.35.119,['login attempt [zabbix/123456] failed']
China,0,123.207.46.35,[]
China,00:03:27,123.207.46.35,['login attempt [db2fenc3/db2fenc3] failed']
China,0,115.238.245.2,[]
China,00:06:17,115.238.245.2,[]
China,0,221.194.44.211,[]
China,00:07:38,221.194.44.211,[]
China,0,123.207.46.35,[]
China,00:00:57,123.207.46.35,['login attempt [admin/admin1] failed']
China,0,123.207.46.35,[]
China,00:09:51,123.207.46.35,['login attempt [tomcat/tomcat] failed']
China,0,61.177.172.135,[]
China,00:00:20,61.177.172.135,"['login attempt [root/!@] failed', 'login attempt [root/!@] failed', 'login attempt [root/password] succeeded']"
China,0,123.207.46.35,[]
China,00:00:10,123.207.46.35,['login attempt [nextcloud/nextcloud] failed']
Russian Federation,0,109.248.9.112,[]
Russian Federation,00:00:21,109.248.9.112,['login attempt [admin/123456] succeeded']
China,0,123.207.46.35,[]
China,00:00:42,123.207.46.35,['login attempt [nextcloud/nextcloud] failed']
China,0,123.207.46.35,[]
China,00:00:34,123.207.46.35,['login attempt [oracle/qwertyuiop] failed']
Croatia,0,5.188.10.144,[]
Croatia,00:04:04,5.188.10.144,['login attempt [admin/123456] succeeded']
China,0,123.207.46.35,[]
China,00:01:58,123.207.46.35,['login attempt [oracle/oracle@123] failed']
China,0,122.226.181.164,[]
China,00:13:42,122.226.181.164,[]
China,0,198.15.183.70,[]
China,00:08:48,198.15.183.70,['login attempt [root/password] succeeded']
France,0,37.59.54.165,[]
France,00:04:48,37.59.54.165,['login attempt [user/12345678] failed']
Canada,0,66.70.187.233,[]
Canada,00:05:58,66.70.187.233,['login attempt [zabbix/password] failed']
Russian Federation,0,5.188.87.59,[]
Russian Federation,00:00:02,5.188.87.59,['login attempt [admin/123456] succeeded']
Russian Federation,0,5.188.87.60,[]
Russian Federation,00:04:54,5.188.87.60,['login attempt [admin/123456] succeeded']
Russian Federation,0,5.188.87.61,[]
Russian Federation,00:01:01,5.188.87.61,['login attempt [admin/123456] succeeded']
Russian Federation,0,5.188.87.61,[]
Russian Federation,00:01:46,5.188.87.61,['login attempt [admin/123456] succeeded']
United States,0,104.236.152.65,[]
United States,00:00:13,104.236.152.65,['login attempt [avis/avis] failed']
Russian Federation,0,5.188.87.61,[]
Russian Federation,00:01:08,5.188.87.61,['login attempt [admin/123456] succeeded']
France,0,54.38.21.172,[]
France,00:00:52,54.38.21.172,['login attempt [jboss/1234] failed']
Russian Federation,0,5.188.87.61,[]
Russian Federation,00:07:27,5.188.87.61,['login attempt [admin/123456] succeeded']
India,0,139.59.86.104,[]
India,00:00:35,139.59.86.104,['login attempt [suporte/suporte] failed']
United States,0,74.222.19.101,[]
United States,00:04:34,74.222.19.101,['login attempt [nginx/nginx] failed']
Brazil,0,164.163.99.10,[]
Brazil,00:00:26,164.163.99.10,['login attempt [ubuntu/ubuntu1234] failed']
Russian Federation,0,109.248.9.112,[]
Russian Federation,00:01:22,109.248.9.112,['login attempt [admin/123456] succeeded']
Germany,0,136.243.76.94,[]
Germany,00:03:34,136.243.76.94,['login attempt [admin/1234] failed']
Indonesia,0,180.250.19.128,[]
Indonesia,00:02:05,180.250.19.128,['login attempt [client/client] failed']
United States,0,166.62.41.196,[]
United States,00:06:26,166.62.41.196,['login attempt [jboss/1234] failed']
Brazil,0,191.23.221.158,[]
Brazil,00:02:55,191.23.221.158,[]
China,0,221.194.47.233,[]
China,00:00:08,221.194.47.233,[]
Lao People's Democratic Republic,0,202.62.110.151,[]
Lao People's Democratic Republic,00:00:42,202.62.110.151,[]
India,0,14.141.68.67,[]
India,00:07:34,14.141.68.67,['login attempt [qhsupport/qhsupport] failed']
United States,0,159.89.234.208,[]
United States,00:00:33,159.89.234.208,[]
China,0,139.217.202.77,[]
China,00:08:07,139.217.202.77,['login attempt [castis/castis] failed']
China,0,115.159.105.14,[]
China,00:03:19,115.159.105.14,['login attempt [zabbix/123456] failed']
China,0,221.194.47.221,[]
China,00:18:32,221.194.47.221,[]
Argentina,0,190.18.39.197,[]
Argentina,00:03:09,190.18.39.197,['login attempt [postgres/1234] failed']
China,0,115.238.245.8,[]
China,00:05:02,115.238.245.8,[]
Russian Federation,0,109.248.9.112,[]
Russian Federation,00:02:15,109.248.9.112,['login attempt [admin/123456] succeeded']
China,0,221.194.47.243,[]
China,00:01:25,221.194.47.243,[]
South Korea,0,218.38.121.17,[]
South Korea,00:24:27,218.38.121.17,['login attempt [oracle/1234] failed']
China,0,121.18.238.125,[]
China,00:01:06,121.18.238.125,[]
Ukraine,0,178.159.212.100,[]
Ukraine,00:04:04,178.159.212.100,"['login attempt [root/xmhdipc] failed', 'login attempt [root/seiko2005] failed', 'login attempt [root/000000] failed', 'login attempt [root/000000] failed', 'login attempt [root/uClinux] failed', 'login attempt [root/waldo] failed', 'login attempt [root/welc0me] failed', 'login attempt [root/system] failed', 'login attempt [root/ubnt] failed', 'login attempt [root/uClinux] failed', 'login attempt [root/rpitc] failed', 'login attempt [root/xmhdipc] failed', 'login attempt [root/anko] failed', 'login attempt [root/111111] succeeded']"
South Korea,0,218.147.99.252,[]
South Korea,00:14:06,218.147.99.252,['login attempt [user/123] failed']
Brazil,0,179.113.255.22,[]
Brazil,00:12:47,179.113.255.22,['login attempt [user01/user01] failed']
China,0,119.249.54.217,[]
China,00:00:02,119.249.54.217,[]
France,0,5.135.161.94,[]
France,00:03:20,5.135.161.94,['login attempt [firebird/firebird] failed']
China,0,221.194.47.221,[]
China,00:00:25,221.194.47.221,[]
Russian Federation,0,109.248.9.112,[]
Russian Federation,00:11:39,109.248.9.112,['login attempt [admin/123456] succeeded']
China,0,122.226.181.164,[]
China,00:04:16,122.226.181.164,[]
Croatia,0,5.188.10.144,[]
Croatia,00:09:44,5.188.10.144,['login attempt [admin/123456] succeeded']
China,0,121.18.238.39,[]
China,00:00:50,121.18.238.39,[]
China,0,112.112.102.38,[]
China,00:02:27,112.112.102.38,"['login attempt [root/xmhdipc] failed', 'login attempt [root/seiko2005] failed', 'login attempt [root/rpitc] failed', 'login attempt [root/admintrup] failed', 'login attempt [root/admin] failed', 'login attempt [root/raspberrypi] failed', 'login attempt [root/nosoup4u] failed', 'login attempt [root/12345] failed', 'login attempt [root/password] succeeded']"
Russian Federation,0,5.188.87.59,[]
Russian Federation,00:00:01,5.188.87.59,['login attempt [admin/123456] succeeded']
Russian Federation,0,5.188.87.60,[]
Russian Federation,00:04:55,5.188.87.60,['login attempt [admin/123456] succeeded']
Russian Federation,0,5.188.87.61,[]
Russian Federation,00:01:01,5.188.87.61,['login attempt [admin/123456] succeeded']
Russian Federation,0,5.188.87.61,[]
Russian Federation,00:02:00,5.188.87.61,['login attempt [admin/123456] succeeded']
Russian Federation,0,5.188.87.61,[]
Russian Federation,00:02:00,5.188.87.61,['login attempt [admin/123456] succeeded']
Russian Federation,0,5.188.87.61,[]
Russian Federation,00:14:29,5.188.87.61,['login attempt [admin/123456] succeeded']
China,0,180.101.145.87,[]
China,00:00:02,180.101.145.87,['login attempt [qhsupport/qhsupport] failed']
